{
  "pixels": [
    [
      {
        "color": {
          "r": 0.0,
          "g": 0.0,
          "b": 0.0,
          "a": 0.23636363
        },
        "perm": {
          "mapping": [
            [
              0,
              0
            ],
            [
              0,
              1
            ],
            [
              1,
              0
            ],
            [
              1,
              1
            ]
          ]
        }
      },
      {
        "color": {
          "r": 0.0,
          "g": 0.0,
          "b": 0.0,
          "a": 0.76363635
        },
        "perm": {
          "mapping": [
            [
              0,
              1
            ],
            [
              0,
              0
            ],
            [
              1,
              1
            ],
            [
              1,
              0
            ]
          ]
        }
      }
    ],
    [
      {
        "color": {
          "r": 0.7766618,
          "g": 0.42222175,
          "b": 0.067781374,
          "a": 1.0
        },
        "perm": {
          "mapping": [
            [
              1,
              0
            ],
            [
              0,
              0
            ],
            [
              1,
              1
            ],
            [
              0,
              1
            ]
          ]
        }
      },
      {
        "color": {
          "r": 0.11112862,
          "g": 0.41153228,
          "b": 0.727628,
          "a": 1.0
        },
        "perm": {
          "mapping": [
            [
              0,
              1
            ],
            [
              1,
              1
            ],
            [
              0,
              0
            ],
            [
              1,
              0
            ]
          ]
        }
      }
    ]
  ]
}