{
  "pixels": [
    [
      {
        "color": {
          "r": 0.0,
          "g": 0.0,
          "b": 0.0,
          "a": 0.11272727
        },
        "perm": {
          "mapping": [
            [
              0,
              0
            ],
            [
              0,
              1
            ],
            [
              1,
              0
            ],
            [
              1,
              1
            ]
          ]
        }
      },
      {
        "color": {
          "r": 0.0,
          "g": 0.0,
          "b": 0.0,
          "a": 0.5345455
        },
        "perm": {
          "mapping": [
            [
              0,
              1
            ],
            [
              0,
              0
            ],
            [
              1,
              1
            ],
            [
              1,
              0
            ]
          ]
        }
      }
    ],
    [
      {
        "color": {
          "r": 0.70718265,
          "g": 0.38500673,
          "b": 0.030858891,
          "a": 1.0
        },
        "perm": {
          "mapping": [
            [
              1,
              0
            ],
            [
              0,
              0
            ],
            [
              1,
              1
            ],
            [
              0,
              1
            ]
          ]
        }
      },
      {
        "color": {
          "r": 0.013910346,
          "g": 0.2590921,
          "b": 0.42503798,
          "a": 1.0
        },
        "perm": {
          "mapping": [
            [
              0,
              1
            ],
            [
              1,
              1
            ],
            [
              0,
              0
            ],
            [
              1,
              0
            ]
          ]
        }
      }
    ]
  ]
}