{
  "pixels": [
    [
      {
        "color": {
          "r": 0.27774048,
          "g": 0.09695658,
          "b": 0.0,
          "a": 0.74545455
        },
        "perm": {
          "mapping": [
            [
              0,
              1
            ],
            [
              1,
              1
            ],
            [
              0,
              0
            ],
            [
              1,
              0
            ]
          ]
        }
      },
      {
        "color": {
          "r": 0.0,
          "g": 0.0,
          "b": 0.0,
          "a": 1.0
        },
        "perm": {
          "mapping": [
            [
              1,
              0
            ],
            [
              1,
              1
            ],
            [
              0,
              0
            ],
            [
              0,
              1
            ]
          ]
        }
      }
    ],
    [
      {
        "color": {
          "r": 0.641471,
          "g": 0.4298641,
          "b": 0.06531343,
          "a": 0.48363635
        },
        "perm": {
          "mapping": [
            [
              0,
              0
            ],
            [
              0,
              1
            ],
            [
              1,
              0
            ],
            [
              1,
              1
            ]
          ]
        }
      },
      {
        "color": {
          "r": 0.09803214,
          "g": 0.42828938,
          "b": 0.8424636,
          "a": 1.0
        },
        "perm": {
          "mapping": [
            [
              1,
              0
            ],
            [
              0,
              0
            ],
            [
              1,
              1
            ],
            [
              0,
              1
            ]
          ]
        }
      }
    ]
  ]
}